label_id,abbreviation,region_name,hemisphere,mni_centroid_x_mm,mni_centroid_y_mm,mni_centroid_z_mm,voxel_count,volume_mm3,source_atlas,coordinate_method
1,FAL,Precentral_L,L,-38.4302,-7.4614,49.1404,28208,28208,AAL3v1_1mm.nii,Mean of all ROI voxel coordinates; MNI mm
2,FAR,Precentral_R,R,41.6009,-10.0498,50.3098,27048,27048,AAL3v1_1mm.nii,Mean of all ROI voxel coordinates; MNI mm
3,F1_2L,Frontal_Sup_2_L,L,-19.668,35.4552,34.7374,38960,38960,AAL3v1_1mm.nii,Mean of all ROI voxel coordinates; MNI mm
4,F1_2R,Frontal_Sup_2_R,R,23.0513,32.6927,36.8437,41008,41008,AAL3v1_1mm.nii,Mean of all ROI voxel coordinates; MNI mm
5,F2_2L,Frontal_Mid_2_L,L,-35.027,32.3729,29.4379,36056,36056,AAL3v1_1mm.nii,Mean of all ROI voxel coordinates; MNI mm
6,F2_2R,Frontal_Mid_2_R,R,39.2737,32.3823,28.8165,38880,38880,AAL3v1_1mm.nii,Mean of all ROI voxel coordinates; MNI mm
7,F3OPL,Frontal_Inf_Oper_L,L,-48.2958,10.9913,17.3015,8304,8304,AAL3v1_1mm.nii,Mean of all ROI voxel coordinates; MNI mm
8,F3OPR,Frontal_Inf_Oper_R,R,50.4271,13.1755,19.6959,11192,11192,AAL3v1_1mm.nii,Mean of all ROI voxel coordinates; MNI mm
9,F3TL,Frontal_Inf_Tri_L,L,-45.3901,28.1667,12.0828,20232,20232,AAL3v1_1mm.nii,Mean of all ROI voxel coordinates; MNI mm
10,F3TR,Frontal_Inf_Tri_R,R,50.5614,28.4019,12.3173,17208,17208,AAL3v1_1mm.nii,Mean of all ROI voxel coordinates; MNI mm
11,F3O_2L,Frontal_Inf_Orb_2_L,L,-40.8735,30.5565,-8.5762,6512,6512,AAL3v1_1mm.nii,Mean of all ROI voxel coordinates; MNI mm
12,F3O_2R,Frontal_Inf_Orb_2_R,R,46.3261,32.9188,-8.4886,6992,6992,AAL3v1_1mm.nii,Mean of all ROI voxel coordinates; MNI mm
13,ORL,Rolandic_Oper_L,L,-46.8785,-10.251,12.1356,7904,7904,AAL3v1_1mm.nii,Mean of all ROI voxel coordinates; MNI mm
14,ORR,Rolandic_Oper_R,R,52.8817,-8.0372,12.8298,10648,10648,AAL3v1_1mm.nii,Mean of all ROI voxel coordinates; MNI mm
15,SMAL,Supp_Motor_Area_L,L,-5.1907,3.0501,59.5643,17176,17176,AAL3v1_1mm.nii,Mean of all ROI voxel coordinates; MNI mm
16,SMAR,Supp_Motor_Area_R,R,8.7463,-1.5932,60.0129,18968,18968,AAL3v1_1mm.nii,Mean of all ROI voxel coordinates; MNI mm
17,COBL,Olfactory_L,L,-7.3683,13.5063,-12.6047,2449,2449,AAL3v1_1mm.nii,Mean of all ROI voxel coordinates; MNI mm
18,COBR,Olfactory_R,R,10.6798,14.1498,-13.1686,2283,2283,AAL3v1_1mm.nii,Mean of all ROI voxel coordinates; MNI mm
19,FML,Frontal_Sup_Medial_L,L,-4.6738,47.387,29.1364,23936,23936,AAL3v1_1mm.nii,Mean of all ROI voxel coordinates; MNI mm
20,FMR,Frontal_Sup_Medial_R,R,9.2507,49.0286,28.4269,17072,17072,AAL3v1_1mm.nii,Mean of all ROI voxel coordinates; MNI mm
21,FMOL,Frontal_Med_Orb_L,L,-4.9381,52.0174,-9.3567,5752,5752,AAL3v1_1mm.nii,Mean of all ROI voxel coordinates; MNI mm
22,FMOR,Frontal_Med_Orb_R,R,8.3341,49.9065,-9.0164,6848,6848,AAL3v1_1mm.nii,Mean of all ROI voxel coordinates; MNI mm
23,GRL,Rectus_L,L,-4.9413,35.2066,-20.0681,6816,6816,AAL3v1_1mm.nii,Mean of all ROI voxel coordinates; MNI mm
24,GRR,Rectus_R,R,8.5027,33.951,-19.9362,5960,5960,AAL3v1_1mm.nii,Mean of all ROI voxel coordinates; MNI mm
25,OFCMEDL,OFCmed_L,L,-13.7364,35.1182,-21.5836,4400,4400,AAL3v1_1mm.nii,Mean of all ROI voxel coordinates; MNI mm
26,OFCMEDR,OFCmed_R,R,16.9219,36.5982,-21.7593,4968,4968,AAL3v1_1mm.nii,Mean of all ROI voxel coordinates; MNI mm
27,OFCANTL,OFCant_L,L,-24.5384,46.263,-16.6129,3544,3544,AAL3v1_1mm.nii,Mean of all ROI voxel coordinates; MNI mm
28,OFCANTR,OFCant_R,R,29.1019,47.963,-16.6821,5184,5184,AAL3v1_1mm.nii,Mean of all ROI voxel coordinates; MNI mm
29,OFCPOSTL,OFCpost_L,L,-28.1631,22.9004,-19.9956,4536,4536,AAL3v1_1mm.nii,Mean of all ROI voxel coordinates; MNI mm
30,OFCPOSTR,OFCpost_R,R,33.5303,24.3627,-19.8868,4488,4488,AAL3v1_1mm.nii,Mean of all ROI voxel coordinates; MNI mm
31,OFCLATL,OFClat_L,L,-42.0279,39.3579,-15.6168,1576,1576,AAL3v1_1mm.nii,Mean of all ROI voxel coordinates; MNI mm
32,OFCLATR,OFClat_R,R,48.2553,36.2234,-16.7447,1504,1504,AAL3v1_1mm.nii,Mean of all ROI voxel coordinates; MNI mm
33,INL,Insula_L,L,-34.9101,4.9403,1.6722,14864,14864,AAL3v1_1mm.nii,Mean of all ROI voxel coordinates; MNI mm
34,INR,Insula_R,R,39.222,4.5203,0.3136,14160,14160,AAL3v1_1mm.nii,Mean of all ROI voxel coordinates; MNI mm
37,CINML,Cingulate_Mid_L,L,-5.3825,-16.601,39.7143,15528,15528,AAL3v1_1mm.nii,Mean of all ROI voxel coordinates; MNI mm
38,CINMR,Cingulate_Mid_R,R,8.1641,-10.697,37.9376,17624,17624,AAL3v1_1mm.nii,Mean of all ROI voxel coordinates; MNI mm
39,CIPL,Cingulate_Post_L,L,-4.7052,-44.6728,22.7786,3704,3704,AAL3v1_1mm.nii,Mean of all ROI voxel coordinates; MNI mm
40,CIPR,Cingulate_Post_R,R,7.6761,-43.5866,19.9716,2680,2680,AAL3v1_1mm.nii,Mean of all ROI voxel coordinates; MNI mm
41,HIPPOL,Hippocampus_L,L,-24.7554,-22.4635,-11.8841,7456,7456,AAL3v1_1mm.nii,Mean of all ROI voxel coordinates; MNI mm
42,HIPPOR,Hippocampus_R,R,29.445,-21.4915,-12.0772,7568,7568,AAL3v1_1mm.nii,Mean of all ROI voxel coordinates; MNI mm
43,PARA_HIPPOL,ParaHippocampal_L,L,-20.9928,-17.7924,-22.4182,7824,7824,AAL3v1_1mm.nii,Mean of all ROI voxel coordinates; MNI mm
44,PARA_HIPPOR,ParaHippocampal_R,R,25.6484,-16.8004,-22.2438,9056,9056,AAL3v1_1mm.nii,Mean of all ROI voxel coordinates; MNI mm
45,AMYGDL,Amygdala_L,L,-23.0091,-2.4455,-18.9545,1760,1760,AAL3v1_1mm.nii,Mean of all ROI voxel coordinates; MNI mm
46,AMYGDR,Amygdala_R,R,27.5565,-1.0726,-19.3065,1984,1984,AAL3v1_1mm.nii,Mean of all ROI voxel coordinates; MNI mm
47,V1L,Calcarine_L,L,-6.9827,-80.3211,4.6036,18064,18064,AAL3v1_1mm.nii,Mean of all ROI voxel coordinates; MNI mm
48,V1R,Calcarine_R,R,16.2098,-74.9492,7.5193,14888,14888,AAL3v1_1mm.nii,Mean of all ROI voxel coordinates; MNI mm
49,QL,Cuneus_L,L,-5.7643,-81.8623,25.404,12168,12168,AAL3v1_1mm.nii,Mean of all ROI voxel coordinates; MNI mm
50,QR,Cuneus_R,R,13.6896,-81.0899,26.3525,11392,11392,AAL3v1_1mm.nii,Mean of all ROI voxel coordinates; MNI mm
51,LINGL,Lingual_L,L,-14.3582,-69.3649,-6.5076,16760,16760,AAL3v1_1mm.nii,Mean of all ROI voxel coordinates; MNI mm
52,LINGR,Lingual_R,R,16.5774,-68.6417,-5.7157,18400,18400,AAL3v1_1mm.nii,Mean of all ROI voxel coordinates; MNI mm
53,O1L,Occipital_Sup_L,L,-16.257,-86.1105,26.3536,10928,10928,AAL3v1_1mm.nii,Mean of all ROI voxel coordinates; MNI mm
54,O1R,Occipital_Sup_R,R,24.4632,-82.7067,28.7654,11304,11304,AAL3v1_1mm.nii,Mean of all ROI voxel coordinates; MNI mm
55,O2L,Occipital_Mid_L,L,-32.1487,-82.4877,14.3025,26120,26120,AAL3v1_1mm.nii,Mean of all ROI voxel coordinates; MNI mm
56,O2R,Occipital_Mid_R,R,37.6277,-81.4933,17.5677,16784,16784,AAL3v1_1mm.nii,Mean of all ROI voxel coordinates; MNI mm
57,O3L,Occipital_Inf_L,L,-35.9825,-80.0685,-9.6647,7528,7528,AAL3v1_1mm.nii,Mean of all ROI voxel coordinates; MNI mm
58,O3R,Occipital_Inf_R,R,38.3706,-83.6911,-9.4929,7912,7912,AAL3v1_1mm.nii,Mean of all ROI voxel coordinates; MNI mm
59,FUSIL,Fusiform_L,L,-30.8893,-41.8824,-22.1094,18472,18472,AAL3v1_1mm.nii,Mean of all ROI voxel coordinates; MNI mm
60,FUSIR,Fusiform_R,R,34.1593,-40.6986,-22.0338,20144,20144,AAL3v1_1mm.nii,Mean of all ROI voxel coordinates; MNI mm
61,PAL,Postcentral_L,L,-42.4044,-24.2754,46.9568,31136,31136,AAL3v1_1mm.nii,Mean of all ROI voxel coordinates; MNI mm
62,PAR,Postcentral_R,R,41.6583,-27.2727,50.754,30584,30584,AAL3v1_1mm.nii,Mean of all ROI voxel coordinates; MNI mm
63,P1L,Parietal_Sup_L,L,-23.2133,-61.3077,57.1571,16520,16520,AAL3v1_1mm.nii,Mean of all ROI voxel coordinates; MNI mm
64,P1R,Parietal_Sup_R,R,26.3425,-60.9284,60.2138,17776,17776,AAL3v1_1mm.nii,Mean of all ROI voxel coordinates; MNI mm
65,P2L,Parietal_Inf_L,L,-42.6067,-47.5192,44.923,19576,19576,AAL3v1_1mm.nii,Mean of all ROI voxel coordinates; MNI mm
66,P2R,Parietal_Inf_R,R,46.7914,-48.0881,47.6918,10760,10760,AAL3v1_1mm.nii,Mean of all ROI voxel coordinates; MNI mm
67,GSML,SupraMarginal_L,L,-55.6465,-35.4363,28.6194,10048,10048,AAL3v1_1mm.nii,Mean of all ROI voxel coordinates; MNI mm
68,GSMR,SupraMarginal_R,R,57.7624,-33.3176,32.6348,15792,15792,AAL3v1_1mm.nii,Mean of all ROI voxel coordinates; MNI mm
69,GAL,Angular_L,L,-43.9348,-62.5818,33.783,9384,9384,AAL3v1_1mm.nii,Mean of all ROI voxel coordinates; MNI mm
70,GAR,Angular_R,R,45.7283,-61.7386,36.8151,14016,14016,AAL3v1_1mm.nii,Mean of all ROI voxel coordinates; MNI mm
71,PQL,Precuneus_L,L,-7.0907,-57.8248,46.14,28224,28224,AAL3v1_1mm.nii,Mean of all ROI voxel coordinates; MNI mm
72,PQR,Precuneus_R,R,10.1888,-57.8139,41.8608,26120,26120,AAL3v1_1mm.nii,Mean of all ROI voxel coordinates; MNI mm
73,LPCL,Paracentral_Lobule_L,L,-7.4748,-27.1509,68.1924,10792,10792,AAL3v1_1mm.nii,Mean of all ROI voxel coordinates; MNI mm
74,LPCR,Paracentral_Lobule_R,R,7.6268,-33.4426,66.2919,6688,6688,AAL3v1_1mm.nii,Mean of all ROI voxel coordinates; MNI mm
75,NCL,Caudate_L,L,-12.1713,8.5608,10.6568,6344,6344,AAL3v1_1mm.nii,Mean of all ROI voxel coordinates; MNI mm
76,NCR,Caudate_R,R,15.7481,10.0067,10.0822,6824,6824,AAL3v1_1mm.nii,Mean of all ROI voxel coordinates; MNI mm
77,NLL,Putamen_L,L,-23.8853,2.0048,0.7021,7967,7967,AAL3v1_1mm.nii,Mean of all ROI voxel coordinates; MNI mm
78,NLR,Putamen_R,R,28.0055,3.1664,0.7076,8499,8499,AAL3v1_1mm.nii,Mean of all ROI voxel coordinates; MNI mm
79,PALLL,Pallidum_L,L,-17.5614,-1.8584,-1.5444,2344,2344,AAL3v1_1mm.nii,Mean of all ROI voxel coordinates; MNI mm
80,PALLR,Pallidum_R,R,21.4214,-1.5571,-1.5857,2240,2240,AAL3v1_1mm.nii,Mean of all ROI voxel coordinates; MNI mm
83,HESCHLL,Heschl_L,L,-41.8467,-20.5356,8.1756,1800,1800,AAL3v1_1mm.nii,Mean of all ROI voxel coordinates; MNI mm
84,HESCHLR,Heschl_R,R,46.3795,-18.6446,8.5442,1992,1992,AAL3v1_1mm.nii,Mean of all ROI voxel coordinates; MNI mm
85,T1L,Temporal_Sup_L,L,-52.9355,-22.5096,5.3406,18368,18368,AAL3v1_1mm.nii,Mean of all ROI voxel coordinates; MNI mm
86,T1R,Temporal_Sup_R,R,58.3325,-23.5105,4.9187,25128,25128,AAL3v1_1mm.nii,Mean of all ROI voxel coordinates; MNI mm
87,T1AL,Temporal_Pole_Sup_L,L,-39.6541,13.3677,-21.9366,10280,10280,AAL3v1_1mm.nii,Mean of all ROI voxel coordinates; MNI mm
88,T1AR,Temporal_Pole_Sup_R,R,48.4372,12.9574,-18.6898,10704,10704,AAL3v1_1mm.nii,Mean of all ROI voxel coordinates; MNI mm
89,T2L,Temporal_Mid_L,L,-55.3689,-35.4842,-4.0848,39536,39536,AAL3v1_1mm.nii,Mean of all ROI voxel coordinates; MNI mm
90,T2R,Temporal_Mid_R,R,57.6599,-39.0657,-3.2752,35272,35272,AAL3v1_1mm.nii,Mean of all ROI voxel coordinates; MNI mm
91,T2AL,Temporal_Pole_Mid_L,L,-36.2444,12.8007,-35.8669,6040,6040,AAL3v1_1mm.nii,Mean of all ROI voxel coordinates; MNI mm
92,T2AR,Temporal_Pole_Mid_R,R,44.5404,12.7468,-34.0181,9496,9496,AAL3v1_1mm.nii,Mean of all ROI voxel coordinates; MNI mm
93,T3L,Temporal_Inf_L,L,-49.5362,-29.7919,-25.0194,25600,25600,AAL3v1_1mm.nii,Mean of all ROI voxel coordinates; MNI mm
94,T3R,Temporal_Inf_R,R,53.8821,-32.6389,-24.2307,28456,28456,AAL3v1_1mm.nii,Mean of all ROI voxel coordinates; MNI mm
95,CERCRU1L,Cerebelum_Crus1_L,L,-34.8853,-68.4431,-30.7628,20824,20824,AAL3v1_1mm.nii,Mean of all ROI voxel coordinates; MNI mm
96,CERCRU1R,Cerebelum_Crus1_R,R,38.7145,-68.8716,-31.3497,21184,21184,AAL3v1_1mm.nii,Mean of all ROI voxel coordinates; MNI mm
97,CERCRU2L,Cerebelum_Crus2_L,L,-27.2687,-75.0797,-39.9435,15152,15152,AAL3v1_1mm.nii,Mean of all ROI voxel coordinates; MNI mm
98,CERCRU2R,Cerebelum_Crus2_R,R,33.1736,-70.8968,-41.7017,16936,16936,AAL3v1_1mm.nii,Mean of all ROI voxel coordinates; MNI mm
99,CER3L,Cerebelum_3_L,L,-7.6176,-38.8676,-20.2794,1088,1088,AAL3v1_1mm.nii,Mean of all ROI voxel coordinates; MNI mm
100,CER3R,Cerebelum_3_R,R,13.5628,-36.2101,-21.099,1656,1656,AAL3v1_1mm.nii,Mean of all ROI voxel coordinates; MNI mm
101,CER4_5L,Cerebelum_4_5_L,L,-13.8431,-45.1631,-18.7613,9000,9000,AAL3v1_1mm.nii,Mean of all ROI voxel coordinates; MNI mm
102,CER4_5R,Cerebelum_4_5_R,R,18.3885,-44.6649,-19.8542,6888,6888,AAL3v1_1mm.nii,Mean of all ROI voxel coordinates; MNI mm
103,CER6L,Cerebelum_6_L,L,-22.0254,-60.7586,-23.9805,13552,13552,AAL3v1_1mm.nii,Mean of all ROI voxel coordinates; MNI mm
104,CER6R,Cerebelum_6_R,R,25.9295,-60.0376,-25.4404,14360,14360,AAL3v1_1mm.nii,Mean of all ROI voxel coordinates; MNI mm
105,CER7BL,Cerebelum_7b_L,L,-31.0897,-61.5496,-47.2521,4680,4680,AAL3v1_1mm.nii,Mean of all ROI voxel coordinates; MNI mm
106,CER7BR,Cerebelum_7b_R,R,34.4288,-64.9082,-50.2603,4272,4272,AAL3v1_1mm.nii,Mean of all ROI voxel coordinates; MNI mm
107,CER8L,Cerebelum_8_L,L,-24.5291,-56.2711,-49.5546,15096,15096,AAL3v1_1mm.nii,Mean of all ROI voxel coordinates; MNI mm
108,CER8R,Cerebelum_8_R,R,26.273,-58.1308,-51.2981,18464,18464,AAL3v1_1mm.nii,Mean of all ROI voxel coordinates; MNI mm
109,CER9L,Cerebelum_9_L,L,-9.7532,-50.6887,-47.7359,6952,6952,AAL3v1_1mm.nii,Mean of all ROI voxel coordinates; MNI mm
110,CER9R,Cerebelum_9_R,R,10.6904,-51.2515,-48.1242,6472,6472,AAL3v1_1mm.nii,Mean of all ROI voxel coordinates; MNI mm
111,CER10L,Cerebelum_10_L,L,-21.2917,-35.5,-43.5694,1152,1152,AAL3v1_1mm.nii,Mean of all ROI voxel coordinates; MNI mm
112,CER10R,Cerebellum_10_R,R,27.305,-35.5189,-43.1415,1272,1272,AAL3v1_1mm.nii,Mean of all ROI voxel coordinates; MNI mm
113,VER1_2,Vermis_1_2,Midline,1.964,-40.6787,-21.8705,417,417,AAL3v1_1mm.nii,Mean of all ROI voxel coordinates; MNI mm
114,VER3,Vermis_3,Midline,2.5526,-41.7895,-13.2193,1824,1824,AAL3v1_1mm.nii,Mean of all ROI voxel coordinates; MNI mm
115,VER4_5,Vermis_4_5,Midline,2.3346,-54.094,-7.9015,5320,5320,AAL3v1_1mm.nii,Mean of all ROI voxel coordinates; MNI mm
116,VER6,Vermis_6,Midline,2.2682,-68.8504,-16.8935,2968,2968,AAL3v1_1mm.nii,Mean of all ROI voxel coordinates; MNI mm
117,VER7,Vermis_7,Midline,2.366,-73.6959,-26.8505,1552,1552,AAL3v1_1mm.nii,Mean of all ROI voxel coordinates; MNI mm
118,VER8,Vermis_8,Midline,2.3107,-66.1543,-35.8498,1944,1944,AAL3v1_1mm.nii,Mean of all ROI voxel coordinates; MNI mm
119,VER9,Vermis_9,Midline,2.1092,-56.6724,-36.7989,1392,1392,AAL3v1_1mm.nii,Mean of all ROI voxel coordinates; MNI mm
120,VER10,Vermis_10,Midline,1.6429,-47.625,-33.375,896,896,AAL3v1_1mm.nii,Mean of all ROI voxel coordinates; MNI mm
121,tAVL,Thal_AV_L,L,-5.9481,-6.8571,8.0195,154,154,AAL3v1_1mm.nii,Mean of all ROI voxel coordinates; MNI mm
122,tAVR,Thal_AV_R,R,5.3409,-5.625,7.7216,176,176,AAL3v1_1mm.nii,Mean of all ROI voxel coordinates; MNI mm
123,tLPL,Thal_LP_L,L,-9.8592,-16.9175,14.7524,206,206,AAL3v1_1mm.nii,Mean of all ROI voxel coordinates; MNI mm
124,tLPR,Thal_LP_R,R,8.3906,-14.7031,14.0781,192,192,AAL3v1_1mm.nii,Mean of all ROI voxel coordinates; MNI mm
125,tVAL,Thal_VA_L,L,-10.7132,-5.0222,3.7781,631,631,AAL3v1_1mm.nii,Mean of all ROI voxel coordinates; MNI mm
126,tVAR,Thal_VA_R,R,10.3264,-3.7984,3.4704,625,625,AAL3v1_1mm.nii,Mean of all ROI voxel coordinates; MNI mm
127,tVLL,Thal_VL_L,L,-13.4018,-12.2714,6.8476,2185,2185,AAL3v1_1mm.nii,Mean of all ROI voxel coordinates; MNI mm
128,tVLR,Thal_VL_R,R,12.8835,-11.087,6.4529,2069,2069,AAL3v1_1mm.nii,Mean of all ROI voxel coordinates; MNI mm
129,tVPLL,Thal_VPL_L,L,-17.7706,-21.4432,5.3474,1347,1347,AAL3v1_1mm.nii,Mean of all ROI voxel coordinates; MNI mm
130,tVPLR,Thal_VPL_R,R,16.8087,-20.3941,4.8755,1317,1317,AAL3v1_1mm.nii,Mean of all ROI voxel coordinates; MNI mm
131,tILL,Thal_IL_L,L,-9.7548,-18.0429,-0.3024,420,420,AAL3v1_1mm.nii,Mean of all ROI voxel coordinates; MNI mm
132,tILR,Thal_IL_R,R,9.3771,-17.0525,-0.3699,419,419,AAL3v1_1mm.nii,Mean of all ROI voxel coordinates; MNI mm
133,tReL,Thal_Re_L,L,-5.5,-8.875,-4,8,8,AAL3v1_1mm.nii,Mean of all ROI voxel coordinates; MNI mm
134,tReR,Thal_Re_R,R,5.5,-9.125,-4.25,8,8,AAL3v1_1mm.nii,Mean of all ROI voxel coordinates; MNI mm
135,tMDmL,Thal_MDm_L,L,-4.756,-15.714,4.278,1000,1000,AAL3v1_1mm.nii,Mean of all ROI voxel coordinates; MNI mm
136,tMDmR,Thal_MDm_R,R,4.2618,-15.1191,3.7746,1016,1016,AAL3v1_1mm.nii,Mean of all ROI voxel coordinates; MNI mm
137,tMDlL,Thal_MDl_L,L,-7.6284,-14.6014,5.0608,296,296,AAL3v1_1mm.nii,Mean of all ROI voxel coordinates; MNI mm
138,tMDlR,Thal_MDl_R,R,7.2073,-13.6691,4.3964,275,275,AAL3v1_1mm.nii,Mean of all ROI voxel coordinates; MNI mm
139,tLGNL,Thal_LGN_L,L,-22.6522,-24.742,-5.6116,345,345,AAL3v1_1mm.nii,Mean of all ROI voxel coordinates; MNI mm
140,tLGNR,Thal_LGN_R,R,21.7426,-24.7828,-5.0268,373,373,AAL3v1_1mm.nii,Mean of all ROI voxel coordinates; MNI mm
141,tMGNL,Thal_MGN_L,L,-15.5735,-24.9118,-5.5809,136,136,AAL3v1_1mm.nii,Mean of all ROI voxel coordinates; MNI mm
142,tMGNR,Thal_MGN_R,R,15.3333,-24.4825,-5.4825,114,114,AAL3v1_1mm.nii,Mean of all ROI voxel coordinates; MNI mm
143,tPuIL,Thal_PuI_L,L,-17.6532,-29.754,-0.2944,248,248,AAL3v1_1mm.nii,Mean of all ROI voxel coordinates; MNI mm
144,tPuIR,Thal_PuI_R,R,16.7216,-28.8745,-0.502,255,255,AAL3v1_1mm.nii,Mean of all ROI voxel coordinates; MNI mm
145,tPuML,Thal_PuM_L,L,-13.2901,-28.2582,6.3743,1472,1472,AAL3v1_1mm.nii,Mean of all ROI voxel coordinates; MNI mm
146,tPuMR,Thal_PuM_R,R,12.2574,-27.0554,6.5081,1480,1480,AAL3v1_1mm.nii,Mean of all ROI voxel coordinates; MNI mm
147,tPuAL,Thal_PuA_L,L,-12.3271,-22.9962,6.7406,266,266,AAL3v1_1mm.nii,Mean of all ROI voxel coordinates; MNI mm
148,tPuAR,Thal_PuA_R,R,11.3175,-21.8175,6.6277,274,274,AAL3v1_1mm.nii,Mean of all ROI voxel coordinates; MNI mm
149,tPuLL,Thal_PuL_L,L,-18.7196,-25.4439,10.4019,214,214,AAL3v1_1mm.nii,Mean of all ROI voxel coordinates; MNI mm
150,tPuLR,Thal_PuL_R,R,16.255,-23.08,11.775,200,200,AAL3v1_1mm.nii,Mean of all ROI voxel coordinates; MNI mm
151,ACCsubL,ACC_sub_L,L,-3.6173,30.376,-5.9993,1343,1343,AAL3v1_1mm.nii,Mean of all ROI voxel coordinates; MNI mm
152,ACCsubR,ACC_sub_R,R,5.9848,31.2879,-4.9242,1056,1056,AAL3v1_1mm.nii,Mean of all ROI voxel coordinates; MNI mm
153,ACCpreL,ACC_pre_L,L,-4.4601,43.1683,6.7121,5016,5016,AAL3v1_1mm.nii,Mean of all ROI voxel coordinates; MNI mm
154,ACCpreR,ACC_pre_R,R,9.3333,42.7716,12.2284,5184,5184,AAL3v1_1mm.nii,Mean of all ROI voxel coordinates; MNI mm
155,ACCsupL,ACC_sup_L,L,-3.3149,24.8025,22.5612,4840,4840,AAL3v1_1mm.nii,Mean of all ROI voxel coordinates; MNI mm
156,ACCsupR,ACC_sup_R,R,8.3987,27.0197,20.6745,4264,4264,AAL3v1_1mm.nii,Mean of all ROI voxel coordinates; MNI mm
157,VentStrL,Vent_Str_L,L,-7.7417,12.2737,-7.7348,1297,1297,AAL3v1_1mm.nii,Mean of all ROI voxel coordinates; MNI mm
158,VentStrR,Vent_Str_R,R,10.2238,12.4099,-7.5599,1193,1193,AAL3v1_1mm.nii,Mean of all ROI voxel coordinates; MNI mm
159,VTAL,VTA_L,L,-3.0563,-20.831,-17.5915,71,71,AAL3v1_1mm.nii,Mean of all ROI voxel coordinates; MNI mm
160,VTAR,VTA_R,R,4.8615,-20.8308,-17.5385,65,65,AAL3v1_1mm.nii,Mean of all ROI voxel coordinates; MNI mm
161,SNpcL,SN_pc_L,L,-7.9562,-18.5498,-14.5538,251,251,AAL3v1_1mm.nii,Mean of all ROI voxel coordinates; MNI mm
162,SNpcR,SN_pc_R,R,9.0852,-18.2222,-14.6296,270,270,AAL3v1_1mm.nii,Mean of all ROI voxel coordinates; MNI mm
163,SNprL,SN_pr_L,L,-9.7812,-15.2729,-13.7812,425,425,AAL3v1_1mm.nii,Mean of all ROI voxel coordinates; MNI mm
164,SNprR,SN_pr_R,R,10.982,-14.8562,-13.9708,445,445,AAL3v1_1mm.nii,Mean of all ROI voxel coordinates; MNI mm
165,RedNL,Red_N_L,L,-4.306,-19.722,-10.5172,464,464,AAL3v1_1mm.nii,Mean of all ROI voxel coordinates; MNI mm
166,RedNR,Red_N_R,R,5.9465,-19.3704,-10.5514,486,486,AAL3v1_1mm.nii,Mean of all ROI voxel coordinates; MNI mm
167,LCL,LC_L,L,-4.3958,-34.9792,-27.0625,48,48,AAL3v1_1mm.nii,Mean of all ROI voxel coordinates; MNI mm
168,LCR,LC_R,R,6.0189,-35.2642,-27.7358,53,53,AAL3v1_1mm.nii,Mean of all ROI voxel coordinates; MNI mm
169,RapheD,Raphe_D,Midline,0.6284,-26.8784,-10.3446,148,148,AAL3v1_1mm.nii,Mean of all ROI voxel coordinates; MNI mm
170,RapheM,Raphe_M,Midline,-0.0462,-30.0769,-21.9538,65,65,AAL3v1_1mm.nii,Mean of all ROI voxel coordinates; MNI mm